[
    {
        "title": "Save",
        "icon": "icon-install",
        "onclick": "codiad.active.save();"
    },
    {
        "title": "break",
        "icon": null,
        "onclick": null
    },
    {
        "title": "Color Tool",
        "icon": "icon-palette",
        "onclick": "codiad.colorPicker.open();"
    },
    {
        "title": "break",
        "icon": null,
        "onclick": null
    },
    {
        "title": "Projects",
        "icon": "icon-archive",
        "onclick": "codiad.project.list();"
    },
    {
        "title": "break",
        "icon": null,
        "onclick": null
    },
    {
        "title": "Users",
        "icon": "icon-users",
        "onclick": "codiad.user.list();"
    },
    {
        "title": "break",
        "icon": null,
        "onclick": null
    },
    {
        "title": "Settings",
        "icon": "icon-doc-text",
        "onclick": "codiad.modal.load(400, 'components/editor/dialog.php?action=settings');codiad.modal.hideOverlay();"
    },
    {
        "title": "Password",
        "icon": "icon-flashlight",
        "onclick": "codiad.user.password();"
    },
    {
        "title": "break",
        "icon": null,
        "onclick": null
    },
    {
        "title": "Test command",
        "icon": "icon-flashlight",
        "onclick": "codiad.shellScript.test();"
    },
    {
        "title": "Analyze code",
        "icon": "icon-doc-text",
        "onclick": "alert('Source code is being analyzed. You will receivce analysis result by mail.');"
    },
    {
        "title": "Deploy app",
        "icon": "icon-doc-text",
        "onclick": "codiad.shellScript.deployApp();"
    },
    {
        "title": "Finish exam",
        "icon": "icon-install",
        "onclick": "codiad.shellScript.finishExam();"
    },
    {
        "title": "break",
        "icon": null,
        "onclick": null
    },
    {
        "title": "Logout",
        "icon": "icon-logout",
        "onclick": "codiad.user.logout();"
    }
]